<?xml version='1.0' encoding='UTF-8'?>

<!-- =========== FULL CONFIGURATION FILE ================================== -->

<faces-config version="1.2" 
    xmlns="http://java.sun.com/xml/ns/javaee" 
    xmlns:xsi="http://www.w3.org/2001/XMLSchema-instance" 
    xsi:schemaLocation="http://java.sun.com/xml/ns/javaee http://java.sun.com/xml/ns/javaee/web-facesconfig_1_2.xsd">
    <managed-bean>
        <managed-bean-name>SessionBean1</managed-bean-name>
        <managed-bean-class>jsfdemo.SessionBean1</managed-bean-class>
        <managed-bean-scope>session</managed-bean-scope>
    </managed-bean>
    <managed-bean>
        <managed-bean-name>CurrentTime</managed-bean-name>
        <managed-bean-class>jsfdemo.CurrentTime</managed-bean-class>
        <managed-bean-scope>request</managed-bean-scope>
    </managed-bean>
    <managed-bean>
        <managed-bean-name>ApplicationBean1</managed-bean-name>
        <managed-bean-class>jsfdemo.ApplicationBean1</managed-bean-class>
        <managed-bean-scope>application</managed-bean-scope>
    </managed-bean>
    <managed-bean>
        <managed-bean-name>RequestBean1</managed-bean-name>
        <managed-bean-class>jsfdemo.RequestBean1</managed-bean-class>
        <managed-bean-scope>request</managed-bean-scope>
    </managed-bean>
    <managed-bean>
        <managed-bean-name>Registrations</managed-bean-name>
        <managed-bean-class>jsfdemo.Registrations</managed-bean-class>
        <managed-bean-scope>request</managed-bean-scope>
    </managed-bean>
    <managed-bean>
        <managed-bean-name>ComputeLoan</managed-bean-name>
        <managed-bean-class>jsfdemo.ComputeLoan</managed-bean-class>
        <managed-bean-scope>request</managed-bean-scope>
    </managed-bean>
    <managed-bean>
        <managed-bean-name>DisplayStudent</managed-bean-name>
        <managed-bean-class>jsfdemo.DisplayStudent</managed-bean-class>
        <managed-bean-scope>request</managed-bean-scope>
    </managed-bean>
    <managed-bean>
        <managed-bean-name>GuessNumber</managed-bean-name>
        <managed-bean-class>jsfdemo.GuessNumber</managed-bean-class>
        <managed-bean-scope>request</managed-bean-scope>
    </managed-bean>
    <managed-bean>
        <managed-bean-name>ValidateForm</managed-bean-name>
        <managed-bean-class>jsfdemo.ValidateForm</managed-bean-class>
        <managed-bean-scope>request</managed-bean-scope>
    </managed-bean>
    <managed-bean>
        <managed-bean-name>VirtualFormDemo</managed-bean-name>
        <managed-bean-class>jsfdemo.VirtualFormDemo</managed-bean-class>
        <managed-bean-scope>request</managed-bean-scope>
    </managed-bean>
</faces-config>




